condition,method,seed,coverage_percent,team_score_unique_weighted_cells,covered_area_m2,aoi_cells,covered_cells,cell_observations,exposure_redundancy_percent,revisited_covered_cells_percent,coverage_episodes,observation_step_s,evaluation_grid_m,mean_observation_age_s,post_warmup_mean_age_s,terminal_p95_age_s,max_censored_unobserved_time_s,mean_max_censored_unobserved_time_s,post_warmup_coverage_percent,completed_blind_intervals,completed_blind_interval_mean_s,completed_blind_interval_p95_s,time_to_80_percent_s,time_to_95_percent_s,planning_runtime_s,landing_to_charge_delay_samples_s,mean_landing_to_charge_delay_s,airborne_vehicle_seconds,runtime_s
main,point,0,88.21177860667702,1522994,1522994.0,1726520,1522994,59250709,97.42957674987484,75.91270878283171,6021918,1,1.0,1575.3137908715353,1977.063052620896,6120.0,6120,3759.4792049903854,76.89068183397818,3565479,838.0973285777311,3217,4536,,0.6384637500000001,"[0, 0, 0, 0, 0, 0, 0, 0]",0.0,9960,6.050174833
main,point,1,88.21177860667702,1522994,1522994.0,1726520,1522994,59250709,97.42957674987484,75.91270878283171,6021918,1,1.0,1575.3137908715353,1977.063052620896,6120.0,6120,3759.4792049903854,76.89068183397818,3565479,838.0973285777311,3217,4536,,0.6601700420000043,"[0, 0, 0, 0, 0, 0, 0, 0]",0.0,9960,6.126219957999993
main,point,2,88.21177860667702,1522994,1522994.0,1726520,1522994,59250709,97.42957674987484,75.91270878283171,6021918,1,1.0,1575.3137908715353,1977.063052620896,6120.0,6120,3759.4792049903854,76.89068183397818,3565479,838.0973285777311,3217,4536,,0.6630314580000061,"[0, 0, 0, 0, 0, 0, 0, 0]",0.0,9960,6.136324124999987
main,point,3,88.21177860667702,1522994,1522994.0,1726520,1522994,59250709,97.42957674987484,75.91270878283171,6021918,1,1.0,1575.3137908715353,1977.063052620896,6120.0,6120,3759.4792049903854,76.89068183397818,3565479,838.0973285777311,3217,4536,,0.6748437079999974,"[0, 0, 0, 0, 0, 0, 0, 0]",0.0,9960,6.25407204199999
main,point,4,88.21177860667702,1522994,1522994.0,1726520,1522994,59250709,97.42957674987484,75.91270878283171,6021918,1,1.0,1575.3137908715353,1977.063052620896,6120.0,6120,3759.4792049903854,76.89068183397818,3565479,838.0973285777311,3217,4536,,0.6732855829999949,"[0, 0, 0, 0, 0, 0, 0, 0]",0.0,9960,6.194608458000005
main,point,5,88.21177860667702,1522994,1522994.0,1726520,1522994,59250709,97.42957674987484,75.91270878283171,6021918,1,1.0,1575.3137908715353,1977.063052620896,6120.0,6120,3759.4792049903854,76.89068183397818,3565479,838.0973285777311,3217,4536,,0.6551265829999999,"[0, 0, 0, 0, 0, 0, 0, 0]",0.0,9960,6.002681624999999
main,point,6,88.21177860667702,1522994,1522994.0,1726520,1522994,59250709,97.42957674987484,75.91270878283171,6021918,1,1.0,1575.3137908715353,1977.063052620896,6120.0,6120,3759.4792049903854,76.89068183397818,3565479,838.0973285777311,3217,4536,,0.6590820000000122,"[0, 0, 0, 0, 0, 0, 0, 0]",0.0,9960,6.072076749999994
main,point,7,88.21177860667702,1522994,1522994.0,1726520,1522994,59250709,97.42957674987484,75.91270878283171,6021918,1,1.0,1575.3137908715353,1977.063052620896,6120.0,6120,3759.4792049903854,76.89068183397818,3565479,838.0973285777311,3217,4536,,0.6609499159999928,"[0, 0, 0, 0, 0, 0, 0, 0]",0.0,9960,6.0667009169999915
main,point,8,88.21177860667702,1522994,1522994.0,1726520,1522994,59250709,97.42957674987484,75.91270878283171,6021918,1,1.0,1575.3137908715353,1977.063052620896,6120.0,6120,3759.4792049903854,76.89068183397818,3565479,838.0973285777311,3217,4536,,0.672202958000014,"[0, 0, 0, 0, 0, 0, 0, 0]",0.0,9960,6.186813459000007
main,point,9,88.21177860667702,1522994,1522994.0,1726520,1522994,59250709,97.42957674987484,75.91270878283171,6021918,1,1.0,1575.3137908715353,1977.063052620896,6120.0,6120,3759.4792049903854,76.89068183397818,3565479,838.0973285777311,3217,4536,,0.6632974579999882,"[0, 0, 0, 0, 0, 0, 0, 0]",0.0,9960,6.132716374999973
main,naive,0,99.48057363945972,1717552,1717552.0,1726520,1717552,52510799,96.72914518021331,91.10361724128295,6311932,1,1.0,1228.9273650420037,1480.2290589377792,4326.0,6120,3159.6635445867987,93.81715821421125,3769707,1244.506102728939,3673,3139,4458,5.160400000000001,"[0, 0, 0, 0, 0, 0, 0, 0]",0.0,9960,10.380285875
main,naive,1,99.70651947269653,1721453,1721453.0,1726520,1721453,56114666,96.93225831549991,91.10890625535521,6737816,1,1.0,1196.3377097964753,1419.512462046373,4260.0,6120,3080.248861872437,93.8400945254037,4259452,1015.0489527760848,3119,3049,4746,5.325147915999992,"[0, 0, 0, 0, 0, 0, 0, 0]",0.0,9960,10.730028875000002
main,naive,2,99.28213979565832,1714126,1714126.0,1726520,1714126,56228525,96.95150103973027,89.52579915362115,6797630,1,1.0,1288.3649582037328,1554.5567621583969,4349.0,6120,3319.3551438732247,93.45278363413108,4272318,1009.8601646693902,3587,3225,4679,5.305597083000009,"[0, 0, 0, 0, 0, 0, 0, 0]",0.0,9960,10.788168583000015
main,naive,3,99.4136760651484,1716397,1716397.0,1726520,1716397,55587835,96.91227945826637,93.0498014154068,6668122,1,1.0,1181.631179957617,1392.9295935583389,4219.0,6120,3030.487323054468,94.1450432083034,4135528,1102.2034402862223,3009,3171,4282,5.350435874999988,"[0, 0, 0, 0, 0, 0, 0, 0]",0.0,9960,10.835193707999991
main,naive,4,98.3048560109353,1697253,1697253.0,1726520,1697253,56253924,96.982871808196,84.6386484513505,6773218,1,1.0,1436.6439809719054,1743.1724478221918,4350.0,6120,3566.3122112689107,90.87198526515766,3838194,855.9967179876786,3465,3854,5700,5.318320749999998,"[0, 0, 0, 0, 0, 0, 0, 0]",0.0,9960,10.772746332999986
main,naive,5,99.37515927993884,1715732,1715732.0,1726520,1715732,56689463,96.9734551904293,90.57982248975948,6800306,1,1.0,1191.929290924799,1385.3895460845415,3679.0,6120,3035.2339463197645,96.05622871440818,4117659,1047.835053606916,2922,3251,5035,5.1806321660000005,"[0, 0, 0, 0, 0, 0, 0, 0]",0.0,9960,10.510541499999999
main,naive,6,99.21234622245905,1712921,1712921.0,1726520,1712921,56277897,96.95631661573992,91.07267643983582,6759785,1,1.0,1234.7702382113348,1487.7557399616444,4385.0,6120,3165.1013947130646,93.08725065449575,4159842,992.8509421752076,3265,2995,5167,5.311945125000008,"[0, 0, 0, 0, 0, 0, 0, 0]",0.0,9960,10.672855583
main,naive,7,99.38147255751454,1715841,1715841.0,1726520,1715841,53606744,96.7992068311405,88.86038974473742,6435685,1,1.0,1252.359433986292,1508.9879255387866,4432.0,6120,3205.860377522415,91.19772722007275,3921514,1079.4917422199692,3341,3001,4661,5.28484070899998,"[0, 0, 0, 0, 0, 0, 0, 0]",0.0,9960,10.639111500000013
main,naive,8,99.45282997011329,1717073,1717073.0,1726520,1717073,57697683,97.02401741158306,92.61167114036503,6931675,1,1.0,1225.291745886243,1458.24772943608,4094.0,6120,3142.86734297894,94.92354562935847,4279126,1014.144092742303,3299,3282,5026,5.366906499999999,"[0, 0, 0, 0, 0, 0, 0, 0]",0.0,9960,10.87703320899999
main,naive,9,99.72291082640224,1721736,1721736.0,1726520,1721736,56405084,96.94755174905865,92.01323547860996,6777393,1,1.0,1193.059302513905,1420.3757755808692,4224.0,6120,3103.9916572064035,93.17662118017746,4261730,990.1947650367339,3148,2907,4133,5.269096000000047,"[0, 0, 0, 0, 0, 0, 0, 0]",0.0,9960,10.67728383299999
main,sweep,0,76.41660681602298,1319348,1319348.0,1726520,1319348,53622240,97.53955075356792,91.3436030524168,5533291,1,1.0,1471.5588179366323,1800.8691659405376,6120.0,6120,3278.6421651646087,74.00105414359521,3590479,1142.4143798083765,2044,,,0.632450875,"[0, 0, 0, 0, 0, 0, 0, 0]",0.0,9960,5.959011541999999
main,sweep,1,76.41660681602298,1319348,1319348.0,1726520,1319348,53622240,97.53955075356792,91.3436030524168,5533291,1,1.0,1471.5588179366323,1800.8691659405376,6120.0,6120,3278.6421651646087,74.00105414359521,3590479,1142.4143798083765,2044,,,0.637675791999996,"[0, 0, 0, 0, 0, 0, 0, 0]",0.0,9960,5.93071654100001
main,sweep,2,76.41660681602298,1319348,1319348.0,1726520,1319348,53622240,97.53955075356792,91.3436030524168,5533291,1,1.0,1471.5588179366323,1800.8691659405376,6120.0,6120,3278.6421651646087,74.00105414359521,3590479,1142.4143798083765,2044,,,0.6553490830000044,"[0, 0, 0, 0, 0, 0, 0, 0]",0.0,9960,6.057602166999999
main,sweep,3,76.41660681602298,1319348,1319348.0,1726520,1319348,53622240,97.53955075356792,91.3436030524168,5533291,1,1.0,1471.5588179366323,1800.8691659405376,6120.0,6120,3278.6421651646087,74.00105414359521,3590479,1142.4143798083765,2044,,,0.6528071249999812,"[0, 0, 0, 0, 0, 0, 0, 0]",0.0,9960,6.069714583000007
main,sweep,4,76.41660681602298,1319348,1319348.0,1726520,1319348,53622240,97.53955075356792,91.3436030524168,5533291,1,1.0,1471.5588179366323,1800.8691659405376,6120.0,6120,3278.6421651646087,74.00105414359521,3590479,1142.4143798083765,2044,,,0.6702439169999934,"[0, 0, 0, 0, 0, 0, 0, 0]",0.0,9960,6.037102040999969
main,sweep,5,76.41660681602298,1319348,1319348.0,1726520,1319348,53622240,97.53955075356792,91.3436030524168,5533291,1,1.0,1471.5588179366323,1800.8691659405376,6120.0,6120,3278.6421651646087,74.00105414359521,3590479,1142.4143798083765,2044,,,0.6405157499999987,"[0, 0, 0, 0, 0, 0, 0, 0]",0.0,9960,5.929808542
main,sweep,6,76.41660681602298,1319348,1319348.0,1726520,1319348,53622240,97.53955075356792,91.3436030524168,5533291,1,1.0,1471.5588179366323,1800.8691659405376,6120.0,6120,3278.6421651646087,74.00105414359521,3590479,1142.4143798083765,2044,,,0.644190583000011,"[0, 0, 0, 0, 0, 0, 0, 0]",0.0,9960,5.875051584000005
main,sweep,7,76.41660681602298,1319348,1319348.0,1726520,1319348,53622240,97.53955075356792,91.3436030524168,5533291,1,1.0,1471.5588179366323,1800.8691659405376,6120.0,6120,3278.6421651646087,74.00105414359521,3590479,1142.4143798083765,2044,,,0.6523811670000157,"[0, 0, 0, 0, 0, 0, 0, 0]",0.0,9960,5.986127209000017
main,sweep,8,76.41660681602298,1319348,1319348.0,1726520,1319348,53622240,97.53955075356792,91.3436030524168,5533291,1,1.0,1471.5588179366323,1800.8691659405376,6120.0,6120,3278.6421651646087,74.00105414359521,3590479,1142.4143798083765,2044,,,0.654941832999981,"[0, 0, 0, 0, 0, 0, 0, 0]",0.0,9960,5.9995303340000135
main,sweep,9,76.41660681602298,1319348,1319348.0,1726520,1319348,53622240,97.53955075356792,91.3436030524168,5533291,1,1.0,1471.5588179366323,1800.8691659405376,6120.0,6120,3278.6421651646087,74.00105414359521,3590479,1142.4143798083765,2044,,,0.647287958999982,"[0, 0, 0, 0, 0, 0, 0, 0]",0.0,9960,5.965605125000025
main,greedy,0,99.54770289368209,1718711,1718711.0,1726520,1718711,57770460,97.02493108069419,91.10886007013396,6722407,1,1.0,1202.35081082404,1427.90597728634,4514.0,6120,3169.764247156129,89.64720941547158,4276089,995.3249127882979,3303,2998,3882,1.9118855000000003,"[0, 0, 0, 0, 0, 0, 0, 0]",0.0,9960,7.353768292000002
main,greedy,1,99.51567314598151,1718158,1718158.0,1726520,1718158,55759871,96.91864782111853,93.24386930654806,6557935,1,1.0,1182.3483394931986,1400.6454125038101,4176.0,6120,3098.1621794129233,93.33190464054861,4152007,1101.2728962162155,3254,3009,4105,1.9060309999999987,"[0, 0, 0, 0, 0, 0, 0, 0]",0.0,9960,7.305587416999998
main,greedy,2,99.65989389060074,1720648,1720648.0,1726520,1720648,58206198,97.04387494953716,91.61286910512784,6846788,1,1.0,1124.6014139110764,1309.0152279399554,4213.0,6120,2922.2855483863495,94.58616175891389,4462024,1007.75367120392,2914,3117,3791,1.939486125000002,"[0, 0, 0, 0, 0, 0, 0, 0]",0.0,9960,7.550847541999985
main,greedy,3,99.65074253411487,1720490,1720490.0,1726520,1720490,57056124,96.98456558317912,91.48713447913094,6719359,1,1.0,1124.3526263637882,1307.6071669941985,4043.0,6120,2939.478544702639,95.1208210736047,4386820,1037.5046933769793,3078,3022,3827,1.9411751250000293,"[0, 0, 0, 0, 0, 0, 0, 0]",0.0,9960,7.480589209000016
main,greedy,4,99.43539605680792,1716772,1716772.0,1726520,1716772,56380152,96.95500643559812,91.68876239826838,6682588,1,1.0,1152.3500971068177,1352.7011608130297,4185.0,6120,2985.5687075736164,94.45109237078053,4373408,1059.3763854184197,3107,3024,4420,1.9544899169999894,"[0, 0, 0, 0, 0, 0, 0, 0]",0.0,9960,7.4374275000000125
main,greedy,5,99.5288789009105,1718386,1718386.0,1726520,1718386,56350005,96.95051313660043,90.67729834856662,6621705,1,1.0,1163.2600054715451,1364.1425326515357,4205.0,6120,3036.4989580196,94.18929407131108,4365520,1025.5741923069875,3082,3185,4282,1.8889318750000008,"[0, 0, 0, 0, 0, 0, 0, 0]",0.0,9960,7.214974083000001
main,greedy,6,99.48717651692422,1717666,1717666.0,1726520,1717666,58392587,97.05841770634345,91.6107089504013,6891667,1,1.0,1159.921912776129,1361.8960544456877,4568.0,6120,3014.999757894493,91.83641081481825,4503097,1028.8096592189775,3073,3008,3986,1.9124614579999957,"[0, 0, 0, 0, 0, 0, 0, 0]",0.0,9960,7.345596041999997
main,greedy,7,99.58749391840233,1719398,1719398.0,1726520,1719398,55976232,96.92834272946418,90.7100043154639,6509867,1,1.0,1141.8080963775935,1339.2036873393856,4225.0,6120,2952.334150777286,93.76057039594097,4247244,1111.7351564920687,3271,2958,3963,1.9463729999999941,"[0, 0, 0, 0, 0, 0, 0, 0]",0.0,9960,7.414001041000006
main,greedy,8,99.53443921877535,1718482,1718482.0,1726520,1718482,57834112,97.02860139012768,89.99896420212723,6723535,1,1.0,1159.63977941167,1369.386937347023,4345.0,6120,3015.402584389408,92.30000231679911,4418738,978.0268257588478,2910,2941,3944,1.9648517919999904,"[0, 0, 0, 0, 0, 0, 0, 0]",0.0,9960,7.4736515830000485
main,greedy,9,99.555406250724,1718844,1718844.0,1726520,1718844,56522428,96.95900537039917,89.95417850601916,6660886,1,1.0,1174.5344418652073,1386.1163376178783,4412.0,6120,3040.746859578806,91.75051548780205,4413371,998.3485621308519,2863,3146,4400,1.9157778329999928,"[0, 0, 0, 0, 0, 0, 0, 0]",0.0,9960,7.310929499999986
main,full,0,99.63875309871881,1720283,1720283.0,1726520,1720283,55772563,96.9155389183029,92.0331712863523,6413945,1,1.0,1207.346195649483,1435.3990545245042,4636.0,6120,3182.006476611913,88.94238120612562,3966055,1112.3137480443413,3429,2998,3882,4.484323041999996,"[0, 0, 0, 0, 0, 0, 0, 0]",0.0,9960,9.84421
main,full,1,99.68172972221579,1721025,1721025.0,1726520,1721025,54293646,96.83015393735023,94.89275286529829,6333380,1,1.0,1177.6159691490566,1393.5468569875968,4067.0,6120,3076.964552394412,95.0481315015175,3924585,1195.3487899994523,3396,3009,4105,4.512519416999993,"[0, 0, 0, 0, 0, 0, 0, 0]",0.0,9960,9.857423624999996
main,full,2,99.82739846627899,1723540,1723540.0,1726520,1723540,55450222,96.8917347165896,93.37259361546585,6478256,1,1.0,1122.4933032863985,1305.8530620029387,3694.0,6120,2917.8002982878857,96.32399277158677,4090600,1159.8236442086736,3118,3117,3791,4.589444374999999,"[0, 0, 0, 0, 0, 0, 0, 0]",0.0,9960,10.076251374999998
main,full,3,99.66139981002247,1720674,1720674.0,1726520,1720674,56227814,96.93981700942527,92.23722796996991,6609135,1,1.0,1121.801193731972,1303.780018046474,3993.0,6120,2936.3323865347634,95.31328915969696,4276412,1083.109899373587,3113,3022,3827,4.588522374999968,"[0, 0, 0, 0, 0, 0, 0, 0]",0.0,9960,10.121833374999994
main,full,4,99.43539605680792,1716772,1716772.0,1726520,1716772,56380152,96.95500643559812,91.68876239826838,6682588,1,1.0,1152.3500971068177,1352.7011608130297,4185.0,6120,2985.5687075736164,94.45109237078053,4373408,1059.3763854184197,3107,3024,4420,4.5516844590000005,"[0, 0, 0, 0, 0, 0, 0, 0]",0.0,9960,9.951195959000017
main,full,5,99.724648425735,1721766,1721766.0,1726520,1721766,53910466,96.80624908714385,92.90856016438936,6244399,1,1.0,1177.0714802017212,1384.8597447468,4217.0,6120,3062.273090957533,94.52331858304566,3984834,1131.5186547294065,3261,3185,4282,4.485802082999999,"[0, 0, 0, 0, 0, 0, 0, 0]",0.0,9960,9.721893709
main,full,6,99.48717651692422,1717666,1717666.0,1726520,1717666,58392587,97.05841770634345,91.6107089504013,6891667,1,1.0,1159.921912776129,1361.8960544456877,4568.0,6120,3014.999757894493,91.83641081481825,4503097,1028.8096592189775,3073,3008,3986,4.519074583000005,"[0, 0, 0, 0, 0, 0, 0, 0]",0.0,9960,9.919433792000007
main,full,7,99.59270671640063,1719488,1719488.0,1726520,1719488,55237824,96.88711850778192,90.44669110805077,6403232,1,1.0,1144.4150384181696,1343.1141004002498,4259.0,6120,2954.93315107847,93.40795357134583,4140519,1104.513557358389,3174,2958,3963,4.594261125000003,"[0, 0, 0, 0, 0, 0, 0, 0]",0.0,9960,10.014029124999979
main,full,8,99.68433612121493,1721070,1721070.0,1726520,1721070,54076115,96.81731943946048,92.46846438552761,6171972,1,1.0,1154.9418440429076,1362.3400342938794,4167.0,6120,2998.979127377615,94.15373120496722,3864587,1169.6816917305782,3121,2941,3944,4.62581849999998,"[0, 0, 0, 0, 0, 0, 0, 0]",0.0,9960,10.008162167000023
main,full,9,99.555406250724,1718844,1718844.0,1726520,1718844,56522428,96.95900537039917,89.95417850601916,6660886,1,1.0,1174.5344418652073,1386.1163376178783,4412.0,6120,3040.746859578806,91.75051548780205,4413371,998.3485621308519,2863,3146,4400,4.523697541999979,"[0, 0, 0, 0, 0, 0, 0, 0]",0.0,9960,9.848043915999995
main,no_heading,0,99.48057363945972,1717552,1717552.0,1726520,1717552,52510799,96.72914518021331,91.10361724128295,6311932,1,1.0,1228.9273650420037,1480.2290589377792,4326.0,6120,3159.6635445867987,93.81715821421125,3769707,1244.506102728939,3673,3139,4458,11.597365875000001,"[0, 0, 0, 0, 0, 0, 0, 0]",0.0,9960,16.872044917000004
main,no_heading,1,99.77480712647406,1722632,1722632.0,1726520,1722632,55372905,96.88903444744321,91.65724310241538,6671520,1,1.0,1194.8263251447354,1417.2453850687634,4157.0,6120,3077.8731251303197,94.66782892755369,4191977,1058.5486401762223,3134,3049,4746,11.624443708000001,"[0, 0, 0, 0, 0, 0, 0, 0]",0.0,9960,17.002108249999992
main,no_heading,2,99.28213979565832,1714126,1714126.0,1726520,1714126,56228525,96.95150103973027,89.52579915362115,6797630,1,1.0,1288.3649582037328,1554.5567621583969,4349.0,6120,3319.3551438732247,93.45278363413108,4272318,1009.8601646693902,3587,3225,4679,11.874849582999985,"[0, 0, 0, 0, 0, 0, 0, 0]",0.0,9960,17.420207415999982
main,no_heading,3,99.50605842967356,1717992,1717992.0,1726520,1717992,54920550,96.8718594405919,92.59856856143684,6593418,1,1.0,1182.6599493834285,1394.472747697056,4207.0,6120,3031.4109202326067,94.32366841971132,4059229,1121.3433289917864,3062,3171,4282,11.940407375000007,"[0, 0, 0, 0, 0, 0, 0, 0]",0.0,9960,17.399603165999963
main,no_heading,4,99.53438129879758,1718481,1718481.0,1726520,1718481,53047451,96.76048336422423,93.56070855598637,6395576,1,1.0,1224.8585951059854,1448.097533261399,4219.0,6120,3166.773372448625,93.91116233811366,3932529,1010.1216087662672,3164,3316,5086,11.494745332999969,"[0, 0, 0, 0, 0, 0, 0, 0]",0.0,9960,16.716868540999997
main,no_heading,5,99.37515927993884,1715732,1715732.0,1726520,1715732,56689463,96.9734551904293,90.57982248975948,6800306,1,1.0,1191.929290924799,1385.3895460845415,3679.0,6120,3035.2339463197645,96.05622871440818,4117659,1047.835053606916,2922,3251,5035,11.668565874999999,"[0, 0, 0, 0, 0, 0, 0, 0]",0.0,9960,17.031389583999996
main,no_heading,6,99.37643351944953,1715754,1715754.0,1726520,1715754,55879446,96.92954364651361,90.83656514861687,6700769,1,1.0,1236.9593954340166,1491.0394757956672,4282.0,6120,3166.5421136158284,93.540184880569,4097993,961.8811772006443,3326,2995,5167,11.628999333999985,"[0, 0, 0, 0, 0, 0, 0, 0]",0.0,9960,16.995370374999993
main,no_heading,7,99.40458262864027,1716240,1716240.0,1726520,1716240,53909734,96.816456189526,89.3805062229059,6495016,1,1.0,1249.3303528049698,1504.4443037668032,4437.0,6120,3200.1026544725805,91.5693997173505,3980446,1110.6080009627062,3500,3001,4661,11.762675374999986,"[0, 0, 0, 0, 0, 0, 0, 0]",0.0,9960,17.15264720800002
main,no_heading,8,99.56513680698747,1719012,1719012.0,1726520,1719012,57365979,97.00342950653732,93.53768327388057,6890388,1,1.0,1221.556470748367,1452.6448167292656,3936.0,6120,3137.9551317100295,95.35279058452842,4235900,1072.4949580962723,3338,3282,5026,11.907501207999985,"[0, 0, 0, 0, 0, 0, 0, 0]",0.0,9960,17.384665417000008
main,no_heading,9,99.72291082640224,1721736,1721736.0,1726520,1721736,56405084,96.94755174905865,92.01323547860996,6777393,1,1.0,1193.059302513905,1420.3757755808692,4224.0,6120,3103.9916572064035,93.17662118017746,4261730,990.1947650367339,3148,2907,4133,11.37195720799997,"[0, 0, 0, 0, 0, 0, 0, 0]",0.0,9960,16.611512833999996
main,no_reinit,0,99.54770289368209,1718711,1718711.0,1726520,1718711,57770460,97.02493108069419,91.10886007013396,6722407,1,1.0,1202.35081082404,1427.90597728634,4514.0,6120,3169.764247156129,89.64720941547158,4276089,995.3249127882979,3303,2998,3882,2.490655750000002,"[0, 0, 0, 0, 0, 0, 0, 0]",0.0,9960,7.940762124999999
main,no_reinit,1,99.51567314598151,1718158,1718158.0,1726520,1718158,55759871,96.91864782111853,93.24386930654806,6557935,1,1.0,1182.3483394931986,1400.6454125038101,4176.0,6120,3098.1621794129233,93.33190464054861,4152007,1101.2728962162155,3254,3009,4105,2.4964907499999924,"[0, 0, 0, 0, 0, 0, 0, 0]",0.0,9960,7.926795290999991
main,no_reinit,2,99.68005004286078,1720996,1720996.0,1726520,1720996,58303222,97.04819743924273,91.42612766095912,6805201,1,1.0,1122.932668844401,1306.5121103399426,4212.0,6120,2915.3694391029353,94.62519982392327,4420089,1008.8513828567706,2932,3117,3791,2.532059290999996,"[0, 0, 0, 0, 0, 0, 0, 0]",0.0,9960,8.123986125000016
main,no_reinit,3,99.65549197229109,1720572,1720572.0,1726520,1720572,56903459,96.97633143883222,91.4710340514666,6680626,1,1.0,1123.4039326094812,1306.1841263627377,4014.0,6120,2938.25552035308,95.28374997104001,4348005,1053.0639134499615,3081,3022,3827,2.4995585419999884,"[0, 0, 0, 0, 0, 0, 0, 0]",0.0,9960,7.978791791999981
main,no_reinit,4,99.43539605680792,1716772,1716772.0,1726520,1716772,56380152,96.95500643559812,91.68876239826838,6682588,1,1.0,1152.3500971068177,1352.7011608130297,4185.0,6120,2985.5687075736164,94.45109237078053,4373408,1059.3763854184197,3107,3024,4420,2.470627874999991,"[0, 0, 0, 0, 0, 0, 0, 0]",0.0,9960,7.802716332999978
main,no_reinit,5,99.5288789009105,1718386,1718386.0,1726520,1718386,56350005,96.95051313660043,90.67729834856662,6621705,1,1.0,1163.2600054715451,1364.1425326515357,4205.0,6120,3036.4989580196,94.18929407131108,4365520,1025.5741923069875,3082,3185,4282,2.4419015,"[0, 0, 0, 0, 0, 0, 0, 0]",0.0,9960,7.796069250000002
main,no_reinit,6,99.48717651692422,1717666,1717666.0,1726520,1717666,58392587,97.05841770634345,91.6107089504013,6891667,1,1.0,1159.921912776129,1361.8960544456877,4568.0,6120,3014.999757894493,91.83641081481825,4503097,1028.8096592189775,3073,3008,3986,2.4807441670000117,"[0, 0, 0, 0, 0, 0, 0, 0]",0.0,9960,7.913992624999992
main,no_reinit,7,99.58749391840233,1719398,1719398.0,1726520,1719398,55976232,96.92834272946418,90.7100043154639,6509867,1,1.0,1141.8080963775935,1339.2036873393856,4225.0,6120,2952.334150777286,93.76057039594097,4247244,1111.7351564920687,3271,2958,3963,2.519600582999999,"[0, 0, 0, 0, 0, 0, 0, 0]",0.0,9960,7.968895875000015
main,no_reinit,8,99.54862961332623,1718727,1718727.0,1726520,1718727,57623662,97.017324237394,89.13655280914304,6685059,1,1.0,1161.4204141536777,1372.0578894600349,4381.0,6120,3018.1391139401803,92.02586706206705,4380017,965.9372956771629,2883,2941,3944,2.525564250000002,"[0, 0, 0, 0, 0, 0, 0, 0]",0.0,9960,7.962119458000018
main,no_reinit,9,99.555406250724,1718844,1718844.0,1726520,1718844,56522428,96.95900537039917,89.95417850601916,6660886,1,1.0,1174.5344418652073,1386.1163376178783,4412.0,6120,3040.746859578806,91.75051548780205,4413371,998.3485621308519,2863,3146,4400,2.416532167000014,"[0, 0, 0, 0, 0, 0, 0, 0]",0.0,9960,7.684675040999991
main,neither,0,99.48057363945972,1717552,1717552.0,1726520,1717552,52510799,96.72914518021331,91.10361724128295,6311932,1,1.0,1228.9273650420037,1480.2290589377792,4326.0,6120,3159.6635445867987,93.81715821421125,3769707,1244.506102728939,3673,3139,4458,5.812162375,"[0, 0, 0, 0, 0, 0, 0, 0]",0.0,9960,11.128225166000007
main,neither,1,99.70651947269653,1721453,1721453.0,1726520,1721453,56114666,96.93225831549991,91.10890625535521,6737816,1,1.0,1196.3377097964753,1419.512462046373,4260.0,6120,3080.248861872437,93.8400945254037,4259452,1015.0489527760848,3119,3049,4746,5.891847875000025,"[0, 0, 0, 0, 0, 0, 0, 0]",0.0,9960,11.401610583000007
main,neither,2,99.28213979565832,1714126,1714126.0,1726520,1714126,56228525,96.95150103973027,89.52579915362115,6797630,1,1.0,1288.3649582037328,1554.5567621583969,4349.0,6120,3319.3551438732247,93.45278363413108,4272318,1009.8601646693902,3587,3225,4679,6.036706624999994,"[0, 0, 0, 0, 0, 0, 0, 0]",0.0,9960,11.552100166000002
main,neither,3,99.4136760651484,1716397,1716397.0,1726520,1716397,55587835,96.91227945826637,93.0498014154068,6668122,1,1.0,1181.631179957617,1392.9295935583389,4219.0,6120,3030.487323054468,94.1450432083034,4135528,1102.2034402862223,3009,3171,4282,5.898133332999976,"[0, 0, 0, 0, 0, 0, 0, 0]",0.0,9960,11.336050124999986
main,neither,4,98.41420892894376,1699141,1699141.0,1726520,1699141,55600911,96.94404107875138,86.25988072796784,6698602,1,1.0,1409.685326545926,1702.7344661832221,4340.0,6120,3520.322409239395,91.21666705279985,3761690,892.7715941505015,3465,3816,5696,5.721254665999993,"[0, 0, 0, 0, 0, 0, 0, 0]",0.0,9960,10.993146749999994
main,neither,5,99.37515927993884,1715732,1715732.0,1726520,1715732,56689463,96.9734551904293,90.57982248975948,6800306,1,1.0,1191.929290924799,1385.3895460845415,3679.0,6120,3035.2339463197645,96.05622871440818,4117659,1047.835053606916,2922,3251,5035,5.844794000000007,"[0, 0, 0, 0, 0, 0, 0, 0]",0.0,9960,11.224896375
main,neither,6,99.21234622245905,1712921,1712921.0,1726520,1712921,56277897,96.95631661573992,91.07267643983582,6759785,1,1.0,1234.7702382113348,1487.7557399616444,4385.0,6120,3165.1013947130646,93.08725065449575,4159842,992.8509421752076,3265,2995,5167,5.866332792000009,"[0, 0, 0, 0, 0, 0, 0, 0]",0.0,9960,11.326481959000006
main,neither,7,99.38147255751454,1715841,1715841.0,1726520,1715841,53606744,96.7992068311405,88.86038974473742,6435685,1,1.0,1252.359433986292,1508.9879255387866,4432.0,6120,3205.860377522415,91.19772722007275,3921514,1079.4917422199692,3341,3001,4661,5.992282000000017,"[0, 0, 0, 0, 0, 0, 0, 0]",0.0,9960,11.377595250000013
main,neither,8,99.45282997011329,1717073,1717073.0,1726520,1717073,57697683,97.02401741158306,92.61167114036503,6931675,1,1.0,1225.291745886243,1458.24772943608,4094.0,6120,3142.86734297894,94.92354562935847,4279126,1014.144092742303,3299,3282,5026,5.881774416999974,"[0, 0, 0, 0, 0, 0, 0, 0]",0.0,9960,11.343069833000015
main,neither,9,99.72291082640224,1721736,1721736.0,1726520,1721736,56405084,96.94755174905865,92.01323547860996,6777393,1,1.0,1193.059302513905,1420.3757755808692,4224.0,6120,3103.9916572064035,93.17662118017746,4261730,990.1947650367339,3148,2907,4133,5.691754457999991,"[0, 0, 0, 0, 0, 0, 0, 0]",0.0,9960,10.964003708000007
turn_2.5,full,0,95.6691495030466,1651747,1651747.0,1726520,1651747,41653959,96.03459781578024,76.3904520486491,4528094,1,1.0,1457.184206920862,1782.8761851395623,5238.0,6120,3545.9984801797837,84.2936658712323,2472293,1299.0024572330221,3722,3891,6021,4.111190792,"[0, 0, 0, 0, 0, 0, 0, 0]",0.0,9960,9.159404166
turn_2.5,full,1,96.28194286773393,1662327,1662327.0,1726520,1662327,45964127,96.38342527423615,81.75455250380942,4965915,1,1.0,1353.375278570581,1632.9177043949167,4907.0,6120,3358.5292455343697,88.7462062414568,2925571,1271.759042251923,3445,3543,5767,4.141224417,"[0, 0, 0, 0, 0, 0, 0, 0]",0.0,9960,9.29464625
turn_2.5,full,2,96.85042744943586,1672142,1672142.0,1726520,1672142,45761577,96.34596945817667,80.9608274895314,4941619,1,1.0,1399.3483158753813,1697.3755504308679,4944.0,6120,3459.988344183676,87.98189421495262,2916384,1259.164968330645,3470,3774,5851,4.068916166999998,"[0, 0, 0, 0, 0, 0, 0, 0]",0.0,9960,9.242766083
turn_2.5,greedy,0,95.50871116465491,1648977,1648977.0,1726520,1648977,41892023,96.06374464179015,78.5383907719756,4579099,1,1.0,1440.8276502425294,1758.3413501220634,5236.0,6120,3519.6403864420918,85.70818756805598,2526068,1302.7900662214952,3756,3891,5932,1.716173458,"[0, 0, 0, 0, 0, 0, 0, 0]",0.0,9960,6.757149374999999
turn_2.5,greedy,1,95.61169288510993,1650755,1650755.0,1726520,1650755,45313241,96.35701405688461,80.7684362609836,4888402,1,1.0,1389.4345684241443,1687.0066391752614,5136.0,6120,3422.993424344925,86.97281236244005,2859630,1207.9101848840585,3287,3747,5811,1.7484286249999954,"[0, 0, 0, 0, 0, 0, 0, 0]",0.0,9960,6.886695042000007
turn_2.5,greedy,2,95.81145888839978,1654204,1654204.0,1726520,1654204,46006692,96.40442742547106,82.2310307555779,4995413,1,1.0,1397.307991839889,1694.3150643776294,5078.0,6120,3452.5984645413896,87.53938558487593,2988116,1273.5058418080155,3469,3752,5902,1.7096696659999964,"[0, 0, 0, 0, 0, 0, 0, 0]",0.0,9960,6.882486415999992
turn_2.5,naive,0,95.30465908301092,1645454,1645454.0,1726520,1645454,45282663,96.36626052668325,82.57009919450802,4956124,1,1.0,1386.690966911282,1687.3596536213556,5215.0,6120,3409.4465224845353,87.43541922479902,2803006,1368.053474377151,3823,3631,5922,4.781924499999999,"[0, 0, 0, 0, 0, 0, 0, 0]",0.0,9960,9.916909459000003
turn_2.5,naive,1,95.60723304682251,1650678,1650678.0,1726520,1650678,43447859,96.20078402482388,82.87049321551508,4783680,1,1.0,1366.3678250487135,1641.138700204293,5057.0,6120,3350.033393183977,88.77070639204875,2756824,1298.7160210445063,3305,3786,6018,4.835327624999998,"[0, 0, 0, 0, 0, 0, 0, 0]",0.0,9960,9.9153625
turn_2.5,naive,2,94.7716794476751,1636252,1636252.0,1726520,1636252,43181257,96.21073559762283,79.44845903931669,4746987,1,1.0,1446.313915168186,1776.4544996002103,6120.0,6120,3553.163465236429,84.52546162222274,2629854,1212.5733599659904,3524,3780,,4.818351167000003,"[0, 0, 0, 0, 0, 0, 0, 0]",0.0,9960,9.898541874999992
turn_10,full,0,99.99837824062276,1726492,1726492.0,1726520,1726492,62263100,97.22710240897096,98.08073249108597,7860432,1,1.0,1045.1070826770017,1226.7170873644502,3748.0,6120,2741.58510414012,95.32707411440354,5043773,1088.1995627083138,3406,2004,3017,4.814365291000001,"[0, 0, 0, 0, 0, 0, 0, 0]",0.0,9960,10.485267041
turn_10,full,1,99.97625280911892,1726110,1726110.0,1726520,1726110,61224279,97.18067729307192,97.7040281326219,7683163,1,1.0,1031.284646777287,1198.9988858432162,3209.0,6120,2695.986523179575,96.20178161851585,5090598,1106.626700635171,3281,1967,3263,4.7745880000000085,"[0, 0, 0, 0, 0, 0, 0, 0]",0.0,9960,10.455368833000009
turn_10,full,2,99.99623520144569,1726455,1726455.0,1726520,1726455,62349077,97.23098547232703,98.43320561497404,7877478,1,1.0,1033.3367149655871,1205.1998449646867,3742.0,6120,2793.063067905382,97.43391330537729,5039946,1078.9735018986314,3343,2506,3233,4.713854458000014,"[0, 0, 0, 0, 0, 0, 0, 0]",0.0,9960,10.309770458000003
turn_10,greedy,0,99.81575655074948,1723339,1723339.0,1726520,1723339,64344750,97.32171000742096,91.65828661685252,8319616,1,1.0,1087.2105523243401,1289.872291835458,4847.0,6120,2819.718549452077,88.2537705905521,5506110,789.5361336769516,2484,2004,3017,2.0316895420000094,"[0, 0, 0, 0, 0, 0, 0, 0]",0.0,9960,7.799250708000002
turn_10,greedy,1,99.82189606839191,1723445,1723445.0,1726520,1723445,62458110,97.2406385655922,91.64336546858182,7976215,1,1.0,1077.8512330657884,1268.8487652759684,4696.0,6120,2783.100747746913,91.00838681277946,5386315,912.977130004465,2667,1967,3263,1.9894020830000017,"[0, 0, 0, 0, 0, 0, 0, 0]",0.0,9960,7.619596208000004
turn_10,greedy,2,99.78106248407201,1722740,1722740.0,1726520,1722740,64438684,97.32654378851063,87.59598082124987,8273995,1,1.0,1173.4973837322696,1415.4408481147104,4850.0,6120,3090.2631414637535,81.69427518939833,5440178,649.9438422786901,2262,2506,3233,1.9890961669999854,"[0, 0, 0, 0, 0, 0, 0, 0]",0.0,9960,7.71335000000002
turn_10,naive,0,99.81627783054931,1723348,1723348.0,1726520,1723348,61117491,97.1802703746461,89.86664330129491,8479298,1,1.0,1515.3962233528355,1913.8613432731681,4692.0,6120,3779.3568583045662,89.16965919885087,5481624,791.6983100263717,4090,3027,5463,5.634102208000002,"[0, 0, 0, 0, 0, 0, 0, 0]",0.0,9960,11.282664209000004
turn_10,naive,1,99.79392071913445,1722962,1722962.0,1726520,1722962,61820016,97.21293828199592,90.33826631115485,8253599,1,1.0,1209.439542659786,1460.0805906844005,4772.0,6120,3129.1013003035005,84.86968005004286,5401040,813.7002929065513,3012,2051,3114,5.580687166999979,"[0, 0, 0, 0, 0, 0, 0, 0]",0.0,9960,11.225380083999994
turn_10,naive,2,99.76021129207886,1722380,1722380.0,1726520,1722380,64485449,97.32904085075069,91.78119810959254,8457952,1,1.0,1118.0510476535292,1315.2715879845064,4575.0,6120,2871.3309176841276,89.33756921437342,5454418,766.3657281125136,2599,2572,3397,5.603773915999994,"[0, 0, 0, 0, 0, 0, 0, 0]",0.0,9960,11.296720999999991
planning_1m,full,0,99.67298380557422,1720874,1720874.0,1726520,1720874,55222680,96.88375500790617,92.32291265949745,6676707,1,1.0,1165.5442881005374,1362.949842839535,4103.0,6120,3019.749629891342,94.78413224289322,4118780,1100.3814413491373,3536,2964,3908,15.543666374999999,"[0, 0, 0, 0, 0, 0, 0, 0]",0.0,9960,23.944349167
planning_1m,greedy,0,99.66597548826542,1720753,1720753.0,1726520,1720753,57085745,96.98566953974236,89.83596134947898,6855809,1,1.0,1169.9945428965766,1369.6252250335938,4425.0,6120,3030.216422051294,92.11338414846048,4298003,991.8067886411434,3180,2964,3908,6.947892000000003,"[0, 0, 0, 0, 0, 0, 0, 0]",0.0,9960,15.206702750000002
planning_1m,naive,0,73.03234251558047,1260918,1260918.0,1726520,1260918,60144159,97.9035071385735,69.24161602895668,7173698,1,1.0,2029.3873833529506,2564.076184474476,6120.0,6120,4552.204641707018,71.5183142969673,4523878,399.70580926364505,2208,,,16.46057475,"[0, 0, 0, 0, 0, 0, 0, 0]",0.0,9960,24.760948582999994
