feature_id,part_id,coord_index,x,y
0,0,0,1375.0520456469385,1788.369466031436
0,0,1,1371.6842231007467,1788.3049409378632
0,0,2,1368.316400554555,1788.2404158442903
0,0,3,1364.9485780083633,1788.1758907507174
0,0,4,1361.5807554621715,1788.1113656571447
0,0,5,1358.2129329159798,1788.0468405635718
0,0,6,1354.845110369788,1787.9823154699989
0,0,7,1351.4999578921804,1787.5896312942107
0,0,8,1348.1548054145726,1787.1969471184227
0,0,9,1344.809652936965,1786.8042629426345
0,0,10,1341.4645004593574,1786.4115787668463
0,0,11,1338.1193479817496,1786.0188945910584
0,0,12,1334.774195504142,1785.6262104152702
0,0,13,1331.483928786717,1784.9091487697635
0,0,14,1328.1936620692916,1784.1920871242571
0,0,15,1324.9033953518665,1783.4750254787505
0,0,16,1321.6131286344414,1782.7579638332438
0,0,17,1318.322861917016,1782.0409021877374
0,0,18,1315.032595199591,1781.3238405422308
0,0,19,1311.8289013834437,1780.2893069854472
0,0,20,1308.6252075672965,1779.2547734286636
0,0,21,1305.4215137511492,1778.22023987188
0,0,22,1302.2178199350017,1777.1857063150962
0,0,23,1299.0141261188544,1776.1511727583127
0,0,24,1295.810432302707,1775.116639201529
0,0,25,1292.7241648100605,1773.7745967350588
0,0,26,1289.637897317414,1772.4325542685885
0,0,27,1286.5516298247676,1771.0905118021183
0,0,28,1283.465362332121,1769.7484693356478
0,0,29,1280.3790948394744,1768.4064268691775
0,0,30,1277.2928273468278,1767.0643844027072
0,0,31,1258.7760605543153,1792.0606350479648
0,0,32,1240.2592937618028,1817.0568856932223
0,0,33,1221.7425269692903,1842.0531363384798
0,0,34,1203.2257601767778,1867.0493869837373
0,0,35,1184.7089933842653,1892.0456376289949
0,0,36,1166.1922265917528,1917.0418882742524
0,0,37,1138.9170416524382,1938.1817723722197
0,0,38,1111.6418567131236,1959.321656470187
0,0,39,1084.3666717738088,1980.4615405681543
0,0,40,1057.0914868344942,2001.6014246661214
0,0,41,1029.8163018951795,2022.7413087640887
0,0,42,1002.5411169558648,2043.881192862056
0,0,43,984.0114567406127,2025.3609832776708
0,0,44,965.4817965253607,2006.8407736932857
0,0,45,946.9521363101085,1988.3205641089007
0,0,46,928.4224760948564,1969.8003545245156
0,0,47,909.8928158796043,1951.2801449401304
0,0,48,891.3631556643522,1932.7599353557453
0,0,49,864.0240895148017,1905.7658293899149
0,0,50,836.6850233652513,1878.7717234240845
0,0,51,809.3459572157008,1851.777617458254
0,0,52,782.0068910661503,1824.7835114924237
0,0,53,754.6678249165998,1797.7894055265933
0,0,54,727.3287587670493,1770.795299560763
0,0,55,707.0908525626195,1753.4040787748527
0,0,56,686.8529463581896,1736.0128579889424
0,0,57,666.6150401537598,1718.6216372030322
0,0,58,646.37713394933,1701.230416417122
0,0,59,626.1392277449,1683.8391956312116
0,0,60,605.9013215404702,1666.4479748453014
0,0,61,586.4865447828973,1645.5189467139232
0,0,62,567.0717680253243,1624.589918582545
0,0,63,547.6569912677514,1603.6608904511668
0,0,64,528.2422145101785,1582.7318623197887
0,0,65,508.82743775260553,1561.8028341884103
0,0,66,489.41266099503264,1540.8738060570322
0,0,67,440.8184620459312,1501.0911297274288
0,0,68,392.2242630968297,1461.3084533978254
0,0,69,343.63006414772826,1421.525777068222
0,0,70,295.03586519862677,1381.7431007386185
0,0,71,246.44166624952533,1341.960424409015
0,0,72,197.8474673004239,1302.1777480794117
0,0,73,245.25350611787871,1241.05241813922
0,0,74,292.65954493533354,1179.927088199028
0,0,75,340.06558375278837,1118.8017582588363
0,0,76,387.4716225702432,1057.6764283186446
0,0,77,434.877661387698,996.5510983784527
0,0,78,482.28370020515285,935.425768438261
0,0,79,516.8564210112672,890.0089087334927
0,0,80,551.4291418173816,844.5920490287244
0,0,81,586.001862623496,799.1751893239561
0,0,82,620.5745834296104,753.7583296191879
0,0,83,655.1473042357247,708.3414699144196
0,0,84,689.7200250418391,662.9246102096513
0,0,85,756.079993871807,557.260611528065
0,0,86,822.439962701775,451.5966128464788
0,0,87,888.7999315317429,345.9326141648926
0,0,88,955.1599003617109,240.26861548330635
0,0,89,1021.5198691916788,134.6046168017201
0,0,90,1087.8798380216467,28.940618120133877
0,0,91,1134.7107146451017,79.37661045378385
0,0,92,1181.5415912685567,129.81260278743383
0,0,93,1228.3724678920116,180.24859512108378
0,0,94,1275.2033445154664,230.68458745473376
0,0,95,1322.0342211389213,281.12057978838374
0,0,96,1368.8650977623763,331.5565721220337
0,0,97,1399.1218021370003,363.38497761830996
0,0,98,1429.3785065116242,395.2133831145863
0,0,99,1459.6352108862484,427.04178861086257
0,0,100,1489.8919152608723,458.87019410713884
0,0,101,1520.1486196354963,490.6985996034151
0,0,102,1550.4053240101202,522.5270050996915
0,0,103,1609.423636897923,578.2915268899718
0,0,104,1668.441949785726,634.056048680252
0,0,105,1727.4602626735286,689.8205704705324
0,0,106,1786.4785755613314,745.5850922608128
0,0,107,1845.4968884491343,801.3496140510931
0,0,108,1904.515201336937,857.1141358413734
0,0,109,1882.9128880721498,880.999149169928
0,0,110,1861.3105748073624,904.8841624984827
0,0,111,1839.7082615425752,928.7691758270375
0,0,112,1818.105948277788,952.6541891555922
0,0,113,1796.5036350130006,976.5392024841469
0,0,114,1774.9013217482134,1000.4242158127016
0,0,115,1744.4617592959257,1042.0235367596615
0,0,116,1714.022196843638,1083.6228577066213
0,0,117,1683.5826343913504,1125.222178653581
0,0,118,1653.1430719390628,1166.8214996005408
0,0,119,1622.7035094867751,1208.4208205475006
0,0,120,1592.2639470344875,1250.0201414944604
0,0,121,1576.9644230243382,1270.3282445631921
0,0,122,1561.6648990141887,1290.6363476319239
0,0,123,1546.3653750040394,1310.9444507006556
0,0,124,1531.06585099389,1331.2525537693873
0,0,125,1515.7663269837406,1351.560656838119
0,0,126,1500.4668029735913,1371.8687599068508
0,0,127,1499.579914040427,1376.073648657184
0,0,128,1498.6930251072627,1380.2785374075174
0,0,129,1497.8061361740984,1384.4834261578508
0,0,130,1496.9192472409343,1388.688314908184
0,0,131,1496.03235830777,1392.8932036585175
0,0,132,1495.1454693746057,1397.0980924088508
0,0,133,1495.09836370562,1401.1343205969315
0,0,134,1495.0512580366342,1405.1705487850122
0,0,135,1495.0041523676482,1409.206776973093
0,0,136,1494.9570466986625,1413.2430051611736
0,0,137,1494.9099410296767,1417.2792333492544
0,0,138,1494.862835360691,1421.315461537335
0,0,139,1497.424418706738,1423.491288448063
0,0,140,1499.986002052785,1425.667115358791
0,0,141,1502.5475853988319,1427.842942269519
0,0,142,1505.1091687448788,1430.0187691802469
0,0,143,1507.6707520909258,1432.194596090975
0,0,144,1510.2323354369728,1434.3704230017029
0,0,145,1512.56717898069,1436.7856694904622
0,0,146,1514.902022524407,1439.2009159792215
0,0,147,1517.236866068124,1441.6161624679808
0,0,148,1519.5717096118412,1444.03140895674
0,0,149,1521.9065531555582,1446.4466554454993
0,0,150,1524.2413966992754,1448.8619019342586
0,0,151,1526.3270147777123,1451.493307872132
0,0,152,1528.4126328561495,1454.1247138100055
0,0,153,1530.4982509345864,1456.756119747879
0,0,154,1532.5838690130233,1459.3875256857523
0,0,155,1534.6694870914605,1462.0189316236256
0,0,156,1536.7551051698974,1464.650337561499
0,0,157,1538.5714122896607,1467.472561115942
0,0,158,1540.3877194094239,1470.294784670385
0,0,159,1542.204026529187,1473.1170082248282
0,0,160,1544.0203336489503,1475.939231779271
0,0,161,1545.8366407687136,1478.761455333714
0,0,162,1547.6529478884768,1481.583678888157
0,0,163,1549.1824521581002,1484.569540577475
0,0,164,1550.7119564277236,1487.555402266793
0,0,165,1552.241460697347,1490.541263956111
0,0,166,1553.7709649669705,1493.527125645429
0,0,167,1555.300469236594,1496.5129873347469
0,0,168,1556.8299735062174,1499.4988490240648
0,0,169,1558.057945084312,1502.61959346702
0,0,170,1559.2859166624064,1505.7403379099753
0,0,171,1560.5138882405008,1508.8610823529307
0,0,172,1561.7418598185955,1511.9818267958858
0,0,173,1562.96983139669,1515.102571238841
0,0,174,1564.1978029747845,1518.2233156817963
0,0,175,1565.1124159225342,1521.4488885242024
0,0,176,1566.0270288702839,1524.6744613666085
0,0,177,1566.9416418180335,1527.9000342090148
0,0,178,1567.8562547657834,1531.125607051421
0,0,179,1568.770867713533,1534.351179893827
0,0,180,1569.6854806612828,1537.5767527362332
0,0,181,1570.2779268309143,1540.8760900864534
0,0,182,1570.8703730005461,1544.1754274366733
0,0,183,1571.4628191701777,1547.4747647868935
0,0,184,1572.0552653398092,1550.7741021371137
0,0,185,1572.647711509441,1554.0734394873336
0,0,186,1573.2401576790726,1557.3727768375538
0,0,187,1573.5047315354363,1560.7141044229113
0,0,188,1573.7693053918,1564.055432008269
0,0,189,1574.0338792481634,1567.3967595936265
0,0,190,1574.2984531045272,1570.738087178984
0,0,191,1574.563026960891,1574.0794147643417
0,0,192,1574.8276008172545,1577.4207423496991
0,0,193,1574.7617543847691,1580.7718815151602
0,0,194,1574.6959079522835,1584.1230206806213
0,0,195,1574.630061519798,1587.4741598460823
0,0,196,1574.5642150873125,1590.8252990115434
0,0,197,1574.4983686548271,1594.1764381770045
0,0,198,1574.4325222223415,1597.5275773424655
0,0,199,1574.036889623123,1600.8562549410078
0,0,200,1573.6412570239045,1604.18493253955
0,0,201,1573.245624424686,1607.5136101380922
0,0,202,1572.8499918254674,1610.8422877366345
0,0,203,1572.454359226249,1614.1709653351766
0,0,204,1572.0587266270304,1617.4996429337189
0,0,205,1571.337117974006,1620.773802131104
0,0,206,1570.6155093209818,1624.047961328489
0,0,207,1569.8939006679575,1627.3221205258742
0,0,208,1569.1722920149332,1630.5962797232594
0,0,209,1568.450683361909,1633.8704389206443
0,0,210,1567.7290747088846,1637.1445981180295
0,0,211,1566.6884394138663,1640.332707109085
0,0,212,1565.6478041188482,1643.5208161001403
0,0,213,1564.6071688238299,1646.7089250911959
0,0,214,1563.5665335288115,1649.8970340822514
0,0,215,1562.5258982337934,1653.0851430733067
0,0,216,1561.4852629387751,1656.2732520643622
0,0,217,1560.13562278986,1659.344607738157
0,0,218,1558.7859826409451,1662.4159634119521
0,0,219,1557.4363424920302,1665.487319085747
0,0,220,1556.0867023431151,1668.5586747595419
0,0,221,1554.7370621942,1671.630030433337
0,0,222,1553.3874220452851,1674.7013861071318
0,0,223,1551.7417746938588,1677.6264097287785
0,0,224,1550.0961273424325,1680.5514333504252
0,0,225,1548.4504799910064,1683.476456972072
0,0,226,1546.8048326395801,1686.4014805937186
0,0,227,1545.1591852881538,1689.3265042153653
0,0,228,1543.5135379367275,1692.251527837012
0,0,229,1541.587731727884,1695.0020499041614
0,0,230,1539.6619255190406,1697.752571971311
0,0,231,1537.736119310197,1700.5030940384604
0,0,232,1535.8103131013534,1703.2536161056098
0,0,233,1533.88450689251,1706.0041381727594
0,0,234,1531.9587006836664,1708.7546602399088
0,0,235,1529.7712820348872,1711.304191767471
0,0,236,1527.5838633861083,1713.853723295033
0,0,237,1525.3964447373291,1716.403254822595
0,0,238,1523.20902608855,1718.952786350157
0,0,239,1521.021607439771,1721.5023178777192
0,0,240,1518.834188790992,1724.0518494052812
0,0,241,1516.406223583782,1726.3758370263192
0,0,242,1513.9782583765725,1728.699824647357
0,0,243,1511.5502931693627,1731.023812268395
0,0,244,1509.122327962153,1733.347799889433
0,0,245,1506.6943627549433,1735.6717875104707
0,0,246,1504.2663975477335,1737.9957751315087
0,0,247,1501.6212682577898,1740.0718375595752
0,0,248,1498.976138967846,1742.1478999876417
0,0,249,1496.3310096779023,1744.2239624157082
0,0,250,1493.6858803879586,1746.3000248437745
0,0,251,1491.0407510980149,1748.376087271841
0,0,252,1488.3956218080712,1750.4521496999075
0,0,253,1485.5588023274904,1752.2602932741088
0,0,254,1482.7219828469097,1754.06843684831
0,0,255,1479.885163366329,1755.8765804225113
0,0,256,1477.0483438857482,1757.6847239967124
0,0,257,1474.2115244051674,1759.4928675709136
0,0,258,1471.3747049245867,1761.301011145115
0,0,259,1468.3735152365116,1762.8238223805868
0,0,260,1465.3723255484365,1764.3466336160586
0,0,261,1462.3711358603614,1765.8694448515307
0,0,262,1459.3699461722863,1767.3922560870026
0,0,263,1456.3687564842112,1768.9150673224744
0,0,264,1453.367566796136,1770.4378785579463
0,0,265,1450.2309098773694,1771.660691850741
0,0,266,1447.0942529586027,1772.8835051435356
0,0,267,1443.957596039836,1774.1063184363302
0,0,268,1440.8209391210694,1775.3291317291246
0,0,269,1437.6842822023027,1776.5519450219192
0,0,270,1434.547625283536,1777.7747583147138
0,0,271,1431.3057087552734,1778.6857971841625
0,0,272,1428.0637922270107,1779.596836053611
0,0,273,1424.821875698748,1780.5078749230597
0,0,274,1421.5799591704854,1781.4189137925084
0,0,275,1418.3380426422227,1782.329952661957
0,0,276,1415.09612611396,1783.2409915314056
0,0,277,1411.7801713302226,1783.8314820363496
0,0,278,1408.4642165464854,1784.4219725412938
0,0,279,1405.148261762748,1785.0124630462378
0,0,280,1401.8323069790106,1785.6029535511818
0,0,281,1398.5163521952734,1786.193444056126
0,0,282,1395.200397411536,1786.78393456107
0,0,283,1391.842338784103,1787.0481898061312
0,0,284,1388.4842801566701,1787.312445051192
0,0,285,1385.1262215292372,1787.576700296253
0,0,286,1381.7681629018043,1787.840955541314
0,0,287,1378.4101042743714,1788.1052107863752
0,0,288,1375.0520456469385,1788.369466031436
1,0,0,1274.010203105223,1770.2018199018205
1,0,1,1180.3235106213153,1699.73981519773
1,0,2,1086.636818137408,1629.2778104936394
1,0,3,992.9501256535004,1558.815805789549
1,0,4,899.2634331695929,1488.3538010854586
1,0,5,805.5767406856854,1417.891796381368
1,0,6,711.890048201778,1347.4297916772775
1,0,7,673.1280794751074,1378.625472371389
1,0,8,634.3661107484368,1409.8211530655
1,0,9,595.6041420217662,1441.0168337596115
1,0,10,556.8421732950956,1472.2125144537229
1,0,11,518.080204568425,1503.408195147834
1,0,12,479.3182358417544,1534.6038758419454
2,0,0,1192.6457927628653,1223.769860618282
2,0,1,1243.5009040719597,1257.027473660807
2,0,2,1294.356015381054,1290.2850867033314
2,0,3,1345.2111266901484,1323.5426997458562
2,0,4,1396.0662379992427,1356.800312788381
2,0,5,1446.921349308337,1390.0579258309056
2,0,6,1497.7764606174314,1423.3155388734303
3,0,0,724.4131318638101,1768.3144992240705
3,0,1,758.0788026048976,1725.4577873592887
3,0,2,791.7444733459852,1682.6010754945066
3,0,3,825.4101440870727,1639.7443636297248
3,0,4,859.0758148281601,1596.887651764943
3,0,5,892.7414855692476,1554.030939900161
3,0,6,926.4071563103352,1511.1742280353792
4,0,0,595.0205719172955,1660.7767369081266
4,0,1,628.0183212627404,1618.2765942343976
4,0,2,661.0160706081855,1575.7764515606686
4,0,3,694.0138199536304,1533.2763088869397
4,0,4,727.0115692990754,1490.7761662132107
4,0,5,760.0093186445204,1448.2760235394817
4,0,6,793.0070679899654,1405.7758808657527
5,0,0,667.5527383527369,1567.4809345859103
5,0,1,690.1048801137464,1584.3622228248666
5,0,2,712.657021874756,1601.2435110638228
5,0,3,735.2091636357654,1618.1247993027791
5,0,4,757.7613053967749,1635.0060875417355
5,0,5,780.3134471577845,1651.8873757806916
5,0,6,802.865588918794,1668.768664019648
6,0,0,592.4624044884113,1438.0720249093138
6,0,1,610.8674743976444,1452.3764311430666
6,0,2,629.2725443068775,1466.6808373768192
6,0,3,647.6776142161107,1480.985243610572
6,0,4,666.0826841253438,1495.289649844325
6,0,5,684.4877540345769,1509.5940560780775
6,0,6,702.8928239438101,1523.8984623118304
7,0,0,1279.2198923522956,1397.4000364560634
7,0,1,1289.0173791176348,1384.6197493849322
7,0,2,1298.8148658829741,1371.839462313801
7,0,3,1308.6123526483134,1359.0591752426699
7,0,4,1318.4098394136527,1346.2788881715387
7,0,5,1328.207326178992,1333.4986011004075
7,0,6,1338.0048129443312,1320.7183140292764
8,0,0,1114.066105593869,1319.2690980187615
8,0,1,1127.1426826038805,1302.6780453984002
8,0,2,1140.219259613892,1286.086992778039
8,0,3,1153.2958366239036,1269.495940157678
8,0,4,1166.3724136339151,1252.9048875373167
8,0,5,1179.4489906439267,1236.3138349169553
8,0,6,1192.5255676539382,1219.7227822965942
8,0,7,1197.7081830653867,1211.4675152977773
8,0,8,1202.890798476835,1203.2122482989605
8,0,9,1208.0734138882835,1194.9569813001435
8,0,10,1213.256029299732,1186.7017143013265
8,0,11,1218.4386447111804,1178.4464473025098
8,0,12,1223.6212601226289,1170.1911803036928
9,0,0,1502.375825967756,1372.5469295787625
9,0,1,1480.2033718243183,1357.0027310111716
9,0,2,1458.0309176808805,1341.4585324435805
9,0,3,1435.8584635374427,1325.9143338759895
9,0,4,1413.686009394005,1310.3701353083986
9,0,5,1391.5135552505672,1294.8259367408075
9,0,6,1369.3411011071294,1279.2817381732166
9,0,7,1345.054460943046,1261.0999785282959
9,0,8,1320.7678207789625,1242.9182188833754
9,0,9,1296.4811806148791,1224.7364592384547
9,0,10,1272.1945404507958,1206.554699593534
9,0,11,1247.9079002867122,1188.3729399486135
9,0,12,1223.6212601226289,1170.1911803036928
9,0,13,1210.4408796677988,1160.4560237674352
9,0,14,1197.2604992129684,1150.7208672311776
9,0,15,1184.0801187581383,1140.9857106949203
9,0,16,1170.8997383033081,1131.2505541586627
9,0,17,1157.7193578484778,1121.515397622405
9,0,18,1144.5389773936477,1111.7802410861475
9,0,19,1138.9573160270036,1118.022112238143
9,0,20,1133.3756546603593,1124.2639833901387
9,0,21,1127.7939932937152,1130.5058545421343
9,0,22,1122.212331927071,1136.7477256941297
9,0,23,1116.6306705604268,1142.9895968461253
9,0,24,1111.0490091937827,1149.231467998121
9,0,25,1098.9755310253822,1142.501541921093
9,0,26,1086.9020528569818,1135.7716158440646
9,0,27,1074.8285746885813,1129.0416897670366
9,0,28,1062.755096520181,1122.3117636900085
9,0,29,1050.6816183517806,1115.5818376129803
9,0,30,1038.60814018338,1108.8519115359522
9,0,31,1053.9272705542294,1087.8055428955704
9,0,32,1069.2464009250787,1066.7591742551886
9,0,33,1084.565531295928,1045.7128056148067
9,0,34,1099.8846616667774,1024.6664369744249
9,0,35,1115.2037920376267,1003.620068334043
9,0,36,1130.522922408476,982.5736996936612
9,0,37,1142.3276432267546,991.6747211028511
9,0,38,1154.132364045033,1000.7757425120411
9,0,39,1165.9370848633116,1009.876763921231
9,0,40,1177.7418056815902,1018.9777853304209
9,0,41,1189.5465264998686,1028.0788067396109
9,0,42,1201.3512473181472,1037.1798281488009
9,0,43,1191.902575612272,1050.2877503097213
9,0,44,1182.4539039063966,1063.3956724706416
9,0,45,1173.0052322005213,1076.503594631562
9,0,46,1163.5565604946457,1089.6115167924825
9,0,47,1154.1078887887704,1102.7194389534027
9,0,48,1144.659217082895,1115.8273611143231
10,0,0,1369.4011813688558,1281.3052636659704
10,0,1,1364.1784677674586,1288.2113584403414
10,0,2,1358.9557541660615,1295.1174532147124
10,0,3,1353.7330405646644,1302.0235479890835
10,0,4,1348.5103269632673,1308.9296427634545
10,0,5,1343.2876133618702,1315.8357375378255
10,0,6,1338.064899760473,1322.7418323121965
11,0,0,889.071314582543,1932.521857845597
11,0,1,906.038315459339,1909.908738593959
11,0,2,923.0053163361348,1887.2956193423208
11,0,3,939.9723172129306,1864.6825000906829
11,0,4,956.9393180897266,1842.069380839045
11,0,5,973.9063189665226,1819.4562615874067
11,0,6,990.8733198433184,1796.8431423357688
11,0,7,1009.9535792257522,1771.1292861186278
11,0,8,1029.033838608186,1745.415429901487
11,0,9,1048.1140979906197,1719.701573684346
11,0,10,1067.1943573730534,1693.987717467205
11,0,11,1086.2746167554872,1668.273861250064
11,0,12,1105.3548761379209,1642.560005032923
11,0,13,1115.7596348827165,1627.3989343345165
11,0,14,1126.1643936275118,1612.23786363611
11,0,15,1136.5691523723071,1597.0767929377034
11,0,16,1146.9739111171027,1581.9157222392969
11,0,17,1157.3786698618983,1566.7546515408903
11,0,18,1167.7834286066936,1551.5935808424838
12,0,0,710.9312663287274,1352.7131693586707
12,0,1,710.6882266390409,1344.5444480695296
12,0,2,710.4451869493545,1336.3757267803885
12,0,3,710.202147259668,1328.2070054912474
12,0,4,709.9591075699815,1320.0382842021063
12,0,5,709.7160678802951,1311.8695629129652
12,0,6,709.4730281906086,1303.700841623824
12,0,7,725.9757597363496,1280.9117090632208
12,0,8,742.4784912820905,1258.1225765026174
12,0,9,758.9812228278315,1235.3334439420141
12,0,10,775.4839543735725,1212.5443113814108
12,0,11,791.9866859193135,1189.7551788208075
12,0,12,808.4894174650544,1166.9660462602042
12,0,13,823.9282759018533,1146.066686418994
12,0,14,839.3671343386522,1125.1673265777838
12,0,15,854.8059927754512,1104.2679667365737
12,0,16,870.2448512122502,1083.3686068953637
12,0,17,885.6837096490491,1062.4692470541534
12,0,18,901.122568085848,1041.5698872129433
12,0,19,874.4264330704368,1023.0382381225936
12,0,20,847.7302980550255,1004.5065890322439
12,0,21,821.0341630396142,985.9749399418943
12,0,22,794.338028024203,967.4432908515446
12,0,23,767.6418930087918,948.9116417611949
12,0,24,740.9457579933805,930.3799926708452
12,0,25,713.6403985829189,941.5985288657248
12,0,26,686.3350391724574,952.8170650606044
12,0,27,659.0296797619958,964.0356012554839
12,0,28,631.7243203515342,975.2541374503635
12,0,29,604.4189609410727,986.472673645243
12,0,30,577.113601530611,997.6912098401226
12,0,31,615.3030733460231,1025.914781133489
12,0,32,653.492545161435,1054.1383524268554
12,0,33,691.6820169768471,1082.361923720222
12,0,34,729.8714887922591,1110.5854950135883
12,0,35,768.0609606076712,1138.8090663069547
12,0,36,806.2504324230831,1167.032637600321
13,0,0,738.8392638523364,934.90242117038
13,0,1,755.5723468212722,907.2743300981043
13,0,2,772.3054297902078,879.6462390258288
13,0,3,789.0385127591435,852.0181479535531
13,0,4,805.7715957280792,824.3900568812775
13,0,5,822.5046786970148,796.7619658090019
13,0,6,839.2377616659505,769.1338747367263
13,0,7,812.947204640203,751.7047100788914
13,0,8,786.6566476144557,734.2755454210564
13,0,9,760.3660905887082,716.8463807632215
13,0,10,734.0755335629607,699.4172161053866
13,0,11,707.7849765372133,681.9880514475517
13,0,12,681.4944195114658,664.5588867897168
14,0,0,839.3040086498368,771.3618199001066
14,0,1,867.9213537039857,791.6951519090993
14,0,2,896.5386987581345,812.0284839180919
14,0,3,925.1560438122833,832.3618159270845
14,0,4,953.7733888664322,852.6951479360772
14,0,5,982.3907339205812,873.0284799450698
14,0,6,1011.00807897473,893.3618119540624
14,0,7,1049.8424402280848,830.1420493328478
14,0,8,1088.6768014814395,766.9222867116332
14,0,9,1127.5111627347942,703.7025240904186
14,0,10,1166.345523988149,640.482761469204
14,0,11,1205.1798852415036,577.2629988479894
14,0,12,1244.0142464948583,514.0432362267748
14,0,13,1226.8569081272385,502.2879866429915
14,0,14,1209.6995697596187,490.5327370592083
14,0,15,1192.542231391999,478.777487475425
14,0,16,1175.384893024379,467.02223789164174
14,0,17,1158.2275546567591,455.2669883078585
14,0,18,1141.0702162891394,443.51173872407526
15,0,0,481.1511489125551,935.8809288744816
15,0,1,497.90228318087367,946.531747593855
15,0,2,514.6534174491923,957.1825663132283
15,0,3,531.4045517175109,967.8333850326017
15,0,4,548.1556859858296,978.4842037519751
15,0,5,564.9068202541481,989.1350224713485
15,0,6,581.6579545224668,999.7858411907218
15,0,7,577.4009404892373,1007.3454453006076
15,0,8,573.143926456008,1014.9050494104935
15,0,9,568.8869124227786,1022.4646535203792
15,0,10,564.6298983895491,1030.024257630265
15,0,11,560.3728843563198,1037.5838617401507
15,0,12,556.1158703230903,1045.1434658500366
15,0,13,568.7815204389238,1044.0232448691193
15,0,14,581.4471705547572,1042.9030238882017
15,0,15,594.1128206705907,1041.7828029072843
15,0,16,606.7784707864242,1040.662581926367
15,0,17,619.4441209022576,1039.5423609454494
15,0,18,632.1097710180911,1038.422139964532
15,0,19,630.3408605139508,1029.1836423967034
15,0,20,628.5719500098106,1019.9451448288746
15,0,21,626.8030395056703,1010.7066472610459
15,0,22,625.03412900153,1001.4681496932171
15,0,23,623.2652184973898,992.2296521253884
15,0,24,621.4963079932495,982.9911545575596
15,0,25,598.500729159549,975.8709801288787
15,0,26,575.5051503258486,968.7508057001978
15,0,27,552.5095714921481,961.6306312715169
15,0,28,529.5139926584476,954.510456842836
15,0,29,506.5184138247472,947.3902824141551
15,0,30,483.5228349910467,940.2701079854742
15,0,31,495.62167421305395,957.7490009629013
15,0,32,507.72051343506126,975.2278939403283
15,0,33,519.8193526570685,992.7067869177554
15,0,34,531.9181918790758,1010.1856798951825
15,0,35,544.017031101083,1027.6645728726096
15,0,36,556.1158703230903,1045.1434658500366
15,0,37,580.9401245399009,1088.6298730038882
15,0,38,605.7643787567116,1132.11628015774
15,0,39,630.5886329735222,1175.6026873115916
15,0,40,655.4128871903328,1219.0890944654432
15,0,41,680.2371414071434,1262.575501619295
15,0,42,705.061395623954,1306.0619087731466
16,0,0,1011.00807897473,893.3618119540624
16,0,1,1031.2495719499132,908.3694561019074
16,0,2,1051.4910649250962,923.3771002497524
16,0,3,1071.7325579002793,938.3847443975974
16,0,4,1091.9740508754624,953.3923885454425
16,0,5,1112.2155438506454,968.4000326932875
16,0,6,1132.4570368258285,983.4076768411325
16,0,7,1158.3770063684306,950.6761965328674
16,0,8,1184.2969759110324,917.9447162246022
16,0,9,1210.2169454536345,885.213235916337
16,0,10,1236.1369149962366,852.4817556080719
16,0,11,1262.0568845388384,819.7502752998068
16,0,12,1287.9768540814405,787.0187949915417
16,0,13,1294.5633826070602,794.9995036632754
16,0,14,1301.14991113268,802.9802123350091
16,0,15,1307.7364396582998,810.9609210067429
16,0,16,1314.3229681839196,818.9416296784766
16,0,17,1320.9094967095393,826.9223383502103
16,0,18,1327.496025235159,834.9030470219441
16,0,19,1304.9014992745747,866.4205786650224
16,0,20,1282.3069733139903,897.9381103081008
16,0,21,1259.7124473534059,929.4556419511791
16,0,22,1237.1179213928212,960.9731735942574
16,0,23,1214.5233954322368,992.4907052373359
16,0,24,1191.9288694716524,1024.0082368804142
17,0,0,1407.5444494335095,1115.718480840791
17,0,1,1438.4868034950048,1138.9564644107595
17,0,2,1469.4291575565,1162.194447980728
17,0,3,1500.3715116179956,1185.4324315506965
17,0,4,1531.3138656794908,1208.670415120665
17,0,5,1562.2562197409861,1231.9083986906335
17,0,6,1593.1985738024814,1255.146382260602
18,0,0,1323.993643835478,833.3707366692834
18,0,1,1362.7539528331254,782.7687819152294
18,0,2,1401.5142618307727,732.1668271611755
18,0,3,1440.27457082842,681.5648724071216
18,0,4,1479.0348798260675,630.9629176530676
18,0,5,1517.7951888237149,580.3609628990137
18,0,6,1556.5554978213622,529.7590081449598
19,0,0,1570.8609588418622,1011.9527263855562
19,0,1,1584.4832828268507,994.0219435135368
19,0,2,1598.105606811839,976.0911606415175
19,0,3,1611.7279307968274,958.1603777694982
19,0,4,1625.350254781816,940.2295948974787
19,0,5,1638.9725787668042,922.2988120254594
19,0,6,1652.5949027517927,904.36802915344
19,0,7,1656.799835426432,897.6707705853817
19,0,8,1661.0047681010717,890.9735120173233
19,0,9,1665.209700775711,884.2762534492649
19,0,10,1669.4146334503505,877.5789948812064
19,0,11,1673.6195661249901,870.881736313148
19,0,12,1677.8244987996295,864.1844777450897
20,0,0,1768.7894416749475,1004.2042901203968
20,0,1,1748.5272700513885,989.1563898677317
20,0,2,1728.2650984278296,974.1084896150667
20,0,3,1708.0029268042708,959.0605893624015
20,0,4,1687.7407551807119,944.0126891097365
20,0,5,1667.478583557153,928.9647888570714
20,0,6,1647.216411933594,913.9168886044064
20,0,7,1605.7482098438584,883.8492668300557
20,0,8,1564.2800077541226,853.7816450557051
20,0,9,1522.811805664387,823.7140232813545
20,0,10,1481.3436035746515,793.6464015070039
20,0,11,1439.8754014849158,763.5787797326533
20,0,12,1398.4071993951802,733.5111579583026
21,0,0,1242.8132758606807,514.6576813850552
21,0,1,1264.8736488958723,484.268440226481
21,0,2,1286.9340219310639,453.87919906790677
21,0,3,1308.9943949662556,423.4899579093326
21,0,4,1331.0547680014472,393.1007167507584
21,0,5,1353.1151410366388,362.71147559218423
21,0,6,1375.1755140718303,332.32223443361
